INSERT INTO T_USERINFO (F_ID, F_ADDITIONALINFORMATION, F_ADDRESS, F_FULLNAME, F_PHONE) VALUES (1, 'Love jogging','Belarus', 'Peter Mertes', 23456);
INSERT INTO T_USER (F_USER_ID, F_PASSWORD, F_ROLE, F_STATUS, F_USERNAME, F_EMAIL) VALUES (1, 1111, 'SUPERADMIN', 'IS_ACTIVE', 'Tanya', '1111@mail.ru');
INSERT INTO T_USERINFO (F_ID, F_ADDITIONALINFORMATION, F_ADDRESS, F_FULLNAME, F_PHONE) VALUES (2, 'Love cycling','Belarus',  'Kindzmarauli Marani', 3456);
INSERT INTO T_USER (F_USER_ID, F_PASSWORD, F_ROLE, F_STATUS, F_USERNAME, F_EMAIL) VALUES (2, 2222, 'ADMIN', 'IS_ACTIVE', 'Lena', '2222@mail.ru');
INSERT INTO T_USERINFO (F_ID, F_ADDITIONALINFORMATION, F_ADDRESS, F_FULLNAME, F_PHONE) VALUES (3, 'Love surfing', 'Belarus', 'Castro Ventosa', 76542);
INSERT INTO T_USER (F_USER_ID, F_PASSWORD, F_ROLE, F_STATUS, F_USERNAME, F_EMAIL) VALUES (3, 3333, 'USER', 'IS_ACTIVE', 'Petya', '3333@mail.ru');
INSERT INTO T_USERINFO (F_ID, F_ADDITIONALINFORMATION, F_ADDRESS,  F_FULLNAME, F_PHONE) VALUES (4, 'Love climbing','Belarus',  'Jack Daniels', 67834562);
INSERT INTO T_USER (F_USER_ID, F_PASSWORD, F_ROLE, F_STATUS, F_USERNAME, F_EMAIL) VALUES (4, 4444, 'USER', 'IS_ACTIVE', 'Vasya', '4444@gmail.ru');
INSERT INTO T_USERINFO (F_ID, F_ADDITIONALINFORMATION, F_ADDRESS, F_FULLNAME, F_PHONE) VALUES (5, 'Love reading','Belarus',  'Bacardi Black', 452437);
INSERT INTO T_USER (F_USER_ID, F_PASSWORD, F_ROLE, F_STATUS, F_USERNAME, F_EMAIL) VALUES (5, 5555, 'USER', 'IS_ACTIVE', 'Kostya', '4323@gmail.ru');
INSERT INTO T_USERINFO (F_ID, F_ADDITIONALINFORMATION, F_ADDRESS, F_FULLNAME, F_PHONE) VALUES (6, 'Love sleeping','Belarus',  'Captain Morgan', 4562);
INSERT INTO T_USER (F_USER_ID, F_PASSWORD, F_ROLE, F_STATUS, F_USERNAME, F_EMAIL) VALUES (6, 6666, 'USER', 'IS_LOCKED', 'Misha', '5424@mail.ru');
INSERT INTO T_USERINFO (F_ID, F_ADDITIONALINFORMATION, F_ADDRESS, F_FULLNAME, F_PHONE) VALUES (7, 'Love chatting', 'Belarus', 'Stella Artois', 2456237);
INSERT INTO T_USER (F_USER_ID, F_PASSWORD, F_ROLE, F_STATUS, F_USERNAME, F_EMAIL) VALUES (7, 7777, 'USER', 'IS_LOCKED', 'Ira', '5426@tut.by');

INSERT INTO T_ITEM (F_ITEM_ID, F_DESCRIPTION, F_INVENTORYNUMBER, F_ITEMNAME, F_PRICE, F_ITEMSTATUSENUM)VALUES (1, 'has a very fluffy and pleasant to the touch fur', 123, 'elephant', 100, 0);
INSERT INTO T_ITEM (F_ITEM_ID, F_DESCRIPTION, F_INVENTORYNUMBER, F_ITEMNAME, F_PRICE, F_ITEMSTATUSENUM)VALUES (2, 'has a very fluffy and pleasant to the touch fur', 234, 'cat', 200, 0);
INSERT INTO T_ITEM (F_ITEM_ID, F_DESCRIPTION, F_INVENTORYNUMBER, F_ITEMNAME, F_PRICE, F_ITEMSTATUSENUM)VALUES (3, 'has a very fluffy and pleasant to the touch fur', 345, 'dog', 300, 0);
INSERT INTO T_ITEM (F_ITEM_ID, F_DESCRIPTION, F_INVENTORYNUMBER, F_ITEMNAME, F_PRICE, F_ITEMSTATUSENUM)VALUES (4, 'has a very fluffy and pleasant to the touch fur', 456, 'fish', 400, 0);
INSERT INTO T_ITEM (F_ITEM_ID, F_DESCRIPTION, F_INVENTORYNUMBER, F_ITEMNAME, F_PRICE, F_ITEMSTATUSENUM)VALUES (5, 'has a very fluffy and pleasant to the touch fur', 567, 'raccoon', 500, 0);
INSERT INTO T_ITEM (F_ITEM_ID, F_DESCRIPTION, F_INVENTORYNUMBER, F_ITEMNAME, F_PRICE, F_ITEMSTATUSENUM)VALUES (6, 'has a very fluffy and pleasant to the touch fur', 678, 'mouse', 600, 0);
INSERT INTO T_ITEM (F_ITEM_ID, F_DESCRIPTION, F_INVENTORYNUMBER, F_ITEMNAME, F_PRICE, F_ITEMSTATUSENUM)VALUES (7, 'has a very fluffy and pleasant to the touch fur', 789, 'giraffe', 700, 0);
INSERT INTO T_ITEM (F_ITEM_ID, F_DESCRIPTION, F_INVENTORYNUMBER, F_ITEMNAME, F_PRICE, F_ITEMSTATUSENUM)VALUES (8, 'has a very fluffy and pleasant to the touch fur', 890, 'panda', 800, 0);
INSERT INTO T_ITEM (F_ITEM_ID, F_DESCRIPTION, F_INVENTORYNUMBER, F_ITEMNAME, F_PRICE, F_ITEMSTATUSENUM)VALUES (9, 'has a very fluffy and pleasant to the touch fur', 987, 'bear', 900, 0);
INSERT INTO T_ITEM (F_ITEM_ID, F_DESCRIPTION, F_INVENTORYNUMBER, F_ITEMNAME, F_PRICE, F_ITEMSTATUSENUM)VALUES (10, 'has a very fluffy and pleasant to the touch fur', 876, 'waiting', 350, 0);
INSERT INTO T_ITEM (F_ITEM_ID, F_DESCRIPTION, F_INVENTORYNUMBER, F_ITEMNAME, F_PRICE, F_ITEMSTATUSENUM)VALUES (11, 'has a very fluffy and pleasant to the touch fur', 645, 'dove', 730, 0);
INSERT INTO T_ITEM (F_ITEM_ID, F_DESCRIPTION, F_INVENTORYNUMBER, F_ITEMNAME, F_PRICE, F_ITEMSTATUSENUM)VALUES (12, 'has a very fluffy and pleasant to the touch fur', 453, 'cheburashka', 830, 1);
INSERT INTO T_ITEM (F_ITEM_ID, F_DESCRIPTION, F_INVENTORYNUMBER, F_ITEMNAME, F_PRICE, F_ITEMSTATUSENUM)VALUES (13, 'has a very fluffy and pleasant to the touch fur', 6436, 'cock', 150, 1);

INSERT INTO T_ORDER (F_ORDER_ID, F_ORDERNUMBER, F_ORDERSTATUS, F_USER_ID) VALUES (33, 1, 'NEW', 3);
INSERT INTO T_ORDER (F_ORDER_ID, F_ORDERNUMBER, F_ORDERSTATUS, F_USER_ID) VALUES (34, 2, 'REVIWING', 3);
INSERT INTO T_ORDER (F_ORDER_ID, F_ORDERNUMBER, F_ORDERSTATUS, F_USER_ID) VALUES (35, 3, 'IN_PROGRESS', 3);
INSERT INTO T_ORDER (F_ORDER_ID, F_ORDERNUMBER, F_ORDERSTATUS, F_USER_ID) VALUES (36, 4, 'DELIVERED', 4);
INSERT INTO T_ORDER (F_ORDER_ID, F_ORDERNUMBER, F_ORDERSTATUS, F_USER_ID) VALUES (37, 5, 'NEW', 4);
INSERT INTO T_ORDER (F_ORDER_ID, F_ORDERNUMBER, F_ORDERSTATUS, F_USER_ID) VALUES (38, 6, 'REVIWING', 5);
INSERT INTO T_ORDER (F_ORDER_ID, F_ORDERNUMBER, F_ORDERSTATUS, F_USER_ID) VALUES (39, 7, 'IN_PROGRESS', 5);
INSERT INTO T_ORDER (F_ORDER_ID, F_ORDERNUMBER, F_ORDERSTATUS, F_USER_ID) VALUES (40, 8, 'DELIVERED', 5);
INSERT INTO T_ORDER (F_ORDER_ID, F_ORDERNUMBER, F_ORDERSTATUS, F_USER_ID) VALUES (41, 9, 'NEW', 6);
INSERT INTO T_ORDER (F_ORDER_ID, F_ORDERNUMBER, F_ORDERSTATUS, F_USER_ID) VALUES (42, 10, 'REVIWING', 6);
INSERT INTO T_ORDER (F_ORDER_ID, F_ORDERNUMBER, F_ORDERSTATUS, F_USER_ID) VALUES (43, 11, 'IN_PROGRESS', 6);
INSERT INTO T_ORDER (F_ORDER_ID, F_ORDERNUMBER, F_ORDERSTATUS, F_USER_ID) VALUES (44, 12, 'DELIVERED', 7);

INSERT INTO T_ORDER_ITEM (F_ORDER_ID, F_ITEM_ID) VALUES (33, 1);
INSERT INTO T_ORDER_ITEM (F_ORDER_ID, F_ITEM_ID) VALUES (33, 1);
INSERT INTO T_ORDER_ITEM (F_ORDER_ID, F_ITEM_ID) VALUES (33, 4);
INSERT INTO T_ORDER_ITEM (F_ORDER_ID, F_ITEM_ID) VALUES (33, 5);
INSERT INTO T_ORDER_ITEM (F_ORDER_ID, F_ITEM_ID) VALUES (34, 2);
INSERT INTO T_ORDER_ITEM (F_ORDER_ID, F_ITEM_ID) VALUES (34, 4);
INSERT INTO T_ORDER_ITEM (F_ORDER_ID, F_ITEM_ID) VALUES (34, 6);
INSERT INTO T_ORDER_ITEM (F_ORDER_ID, F_ITEM_ID) VALUES (34, 8);
INSERT INTO T_ORDER_ITEM (F_ORDER_ID, F_ITEM_ID) VALUES (34, 9);
INSERT INTO T_ORDER_ITEM (F_ORDER_ID, F_ITEM_ID) VALUES (34, 10);
INSERT INTO T_ORDER_ITEM (F_ORDER_ID, F_ITEM_ID) VALUES (35, 12);
INSERT INTO T_ORDER_ITEM (F_ORDER_ID, F_ITEM_ID) VALUES (35, 11);
INSERT INTO T_ORDER_ITEM (F_ORDER_ID, F_ITEM_ID) VALUES (36, 7);
INSERT INTO T_ORDER_ITEM (F_ORDER_ID, F_ITEM_ID) VALUES (36, 4);
INSERT INTO T_ORDER_ITEM (F_ORDER_ID, F_ITEM_ID) VALUES (37, 4);
INSERT INTO T_ORDER_ITEM (F_ORDER_ID, F_ITEM_ID) VALUES (37, 8);
INSERT INTO T_ORDER_ITEM (F_ORDER_ID, F_ITEM_ID) VALUES (37, 3);
INSERT INTO T_ORDER_ITEM (F_ORDER_ID, F_ITEM_ID) VALUES (37, 2);
INSERT INTO T_ORDER_ITEM (F_ORDER_ID, F_ITEM_ID) VALUES (38, 7);
INSERT INTO T_ORDER_ITEM (F_ORDER_ID, F_ITEM_ID) VALUES (38, 2);
INSERT INTO T_ORDER_ITEM (F_ORDER_ID, F_ITEM_ID) VALUES (38, 12);
INSERT INTO T_ORDER_ITEM (F_ORDER_ID, F_ITEM_ID) VALUES (38, 10);
INSERT INTO T_ORDER_ITEM (F_ORDER_ID, F_ITEM_ID) VALUES (39, 1);
INSERT INTO T_ORDER_ITEM (F_ORDER_ID, F_ITEM_ID) VALUES (39, 2);
INSERT INTO T_ORDER_ITEM (F_ORDER_ID, F_ITEM_ID) VALUES (39, 3);
INSERT INTO T_ORDER_ITEM (F_ORDER_ID, F_ITEM_ID) VALUES (40, 10);
INSERT INTO T_ORDER_ITEM (F_ORDER_ID, F_ITEM_ID) VALUES (41, 1);
INSERT INTO T_ORDER_ITEM (F_ORDER_ID, F_ITEM_ID) VALUES (41, 11);
INSERT INTO T_ORDER_ITEM (F_ORDER_ID, F_ITEM_ID) VALUES (42, 2);
INSERT INTO T_ORDER_ITEM (F_ORDER_ID, F_ITEM_ID) VALUES (42, 7);
INSERT INTO T_ORDER_ITEM (F_ORDER_ID, F_ITEM_ID) VALUES (42, 8);
INSERT INTO T_ORDER_ITEM (F_ORDER_ID, F_ITEM_ID) VALUES (43, 1);
INSERT INTO T_ORDER_ITEM (F_ORDER_ID, F_ITEM_ID) VALUES (43, 4);
INSERT INTO T_ORDER_ITEM (F_ORDER_ID, F_ITEM_ID) VALUES (44, 2);

INSERT INTO T_NEWS (F_NEWS_ID, F_NEWSNAME, F_AUTHOR, F_DATE, F_CONTENT) VALUES(1, 'Conservatives must come together', 'BBC.com', 2018,'Conservatives must "come together in a spirit of mutual respect", a cabinet minister says amid backbench criticism over Brexit and policy direction.');
INSERT INTO T_NEWS (F_NEWS_ID, F_NEWSNAME, F_AUTHOR, F_DATE, F_CONTENT) VALUES(2, 'Donald Trump says US could re-enter Paris climate deal', 'MSN.com', 2018,'Donald Trump has said the United States could re-enter the Paris climate change agreement and that he would have taken a "tougher stand" in Brexit negotiations than Theresa May.');
INSERT INTO T_NEWS (F_NEWS_ID, F_NEWSNAME, F_AUTHOR, F_DATE, F_CONTENT) VALUES(3, 'Republican lawmaker says tech execs should watch what they say', 'CNET.net', 2019,'Outgoing Republican Rep. Darrell Issa of California thinks its bad for Silicon Valley to fight with President Trump. Oh, and hes also glad net neutrality is dead.');
INSERT INTO T_NEWS (F_NEWS_ID, F_NEWSNAME, F_AUTHOR, F_DATE, F_CONTENT) VALUES(4, 'Lukashenko urges to impose strict control in pharmaceutical industry', 'Belta.com', 2017,'It is essential to impose strict control in the pharmaceutical industry in the country. Belarus President Alexander Lukashenko gave a corresponding instruction during the visit to the pharmaceutical enterprise Minskintercaps on 26 January');
INSERT INTO T_NEWS (F_NEWS_ID, F_NEWSNAME, F_AUTHOR, F_DATE, F_CONTENT) VALUES(5, '3 starters with potential to become aces', 'MLB.com', 2018, 'As formulas for successful pitchers go, missing bats with strikes is a pretty good one. At the extreme end of the spectrum, it can signal dominance. At the very least, it offers a full-count fail-safe.');
INSERT INTO T_NEWS (F_NEWS_ID, F_NEWSNAME, F_AUTHOR, F_DATE, F_CONTENT) VALUES(6, 'Yemen: "Heart-breaking" mass drowning a symptom of devastating conflict and humanitarian crisis', 'amnesty.org', 2018,'his heart-breaking tragedy underscores, yet again, just how devastating Yemens conflict continues to be for civilians.');
INSERT INTO T_NEWS (F_NEWS_ID, F_NEWSNAME, F_AUTHOR, F_DATE, F_CONTENT) VALUES(7, 'His heart-breaking tragedy underscores, yet again, just how devastating Yemens conflict continues to be for civilians.','gamespot.com', 20,'Epic has commented again on the problems. Although it seems as though log-in issues have been at least partially resolved, there are still problems with seeing your friends who are online and joining up with them. ');

INSERT INTO T_COMMENT (F_ID, F_DATE, F_MESSAGE, F_NEWS_ID, F_USER_ID) VALUES (1, 30, 'Thats right...', 1, 3);
INSERT INTO T_COMMENT (F_ID, F_DATE, F_MESSAGE, F_NEWS_ID, F_USER_ID) VALUES (2, 30, 'funny', 1, 4);
INSERT INTO T_COMMENT (F_ID, F_DATE, F_MESSAGE, F_NEWS_ID, F_USER_ID) VALUES (3, 30, 'ups', 1, 5);
INSERT INTO T_COMMENT (F_ID, F_DATE, F_MESSAGE, F_NEWS_ID, F_USER_ID) VALUES (4, 30, 'Congratulations', 1, 6);
INSERT INTO T_COMMENT (F_ID, F_DATE, F_MESSAGE, F_NEWS_ID, F_USER_ID) VALUES (5, 30, 'i want to believe', 2, 4);
INSERT INTO T_COMMENT (F_ID, F_DATE, F_MESSAGE, F_NEWS_ID, F_USER_ID) VALUES (6, 30, 'Thats right...', 2, 5);
INSERT INTO T_COMMENT (F_ID, F_DATE, F_MESSAGE, F_NEWS_ID, F_USER_ID) VALUES (7, 30, 'funny', 2, 7);
INSERT INTO T_COMMENT (F_ID, F_DATE, F_MESSAGE, F_NEWS_ID, F_USER_ID) VALUES (8, 30, 'ups', 2, 3);
INSERT INTO T_COMMENT (F_ID, F_DATE, F_MESSAGE, F_NEWS_ID, F_USER_ID) VALUES (9, 30, 'Congratulations', 3, 4);
INSERT INTO T_COMMENT (F_ID, F_DATE, F_MESSAGE, F_NEWS_ID, F_USER_ID) VALUES (10, 30, 'i want to believe', 3, 5);
INSERT INTO T_COMMENT (F_ID, F_DATE, F_MESSAGE, F_NEWS_ID, F_USER_ID) VALUES (11, 30, 'eeeeeeeee', 3, 7);
INSERT INTO T_COMMENT (F_ID, F_DATE, F_MESSAGE, F_NEWS_ID, F_USER_ID) VALUES (12, 30, 'Thats right...', 4, 5);
INSERT INTO T_COMMENT (F_ID, F_DATE, F_MESSAGE, F_NEWS_ID, F_USER_ID) VALUES (13, 30, 'ups', 5, 4);
INSERT INTO T_COMMENT (F_ID, F_DATE, F_MESSAGE, F_NEWS_ID, F_USER_ID) VALUES (14, 30, 'zzzzzzzzzzzzzzzzzzz', 5, 3);
INSERT INTO T_COMMENT (F_ID, F_DATE, F_MESSAGE, F_NEWS_ID, F_USER_ID) VALUES (15, 30, 'Congratulations', 6, 7);
INSERT INTO T_COMMENT (F_ID, F_DATE, F_MESSAGE, F_NEWS_ID, F_USER_ID) VALUES (16, 30, 'i want to believe', 7, 5);
INSERT INTO T_COMMENT (F_ID, F_DATE, F_MESSAGE, F_NEWS_ID, F_USER_ID) VALUES (17, 30, 'show mast go on', 7, 6);
INSERT INTO T_COMMENT (F_ID, F_DATE, F_MESSAGE, F_NEWS_ID, F_USER_ID) VALUES (18, 30, 'Thats right...', 7, 5);

INSERT INTO T_FEEDBACK (F_FEEDBACK_ID, F_MESSAGE, F_EMAIL) VALUES (1, 'eeee', '1111@mail.ru');